smiles,property_value_median
*CC(CC(C)C)*,0.0012
*CC(c1ccccc1C)*,0.0691
*CC(c1ccccc1Cl)*,0.09
*CC(N1CCCC1=O)*,0.0332
OCCOC(=O)C(C*)(C)*,0.053
CCCCCCCCCCCCNC(=O)C(C*)*,0.00462
CCCCCCCCCCCCCCCCCCNC(=O)C(C*)*,0.00103
CCCCCCCCC=CCCCCCCCCNC(=O)C(C*)*,0.00379
*CC(F)*,0.04
*CCO*,0.0065975
*OC(C(C)*)C,0.014
*OC(C(C)*)(C)C,0.008963
*Oc1c(C)cc(cc1C)*,0.072
*C(=O)OCCOC(=O)c1ccc(o1)*,0.041
*O[Si](O[Si](O[Si](O[Si](O[Si](c1ccc(cc1)Oc1ccc(cc1)[Si](C)(C)*)(C)C)(C)C)(C)C)(C)C)(C)C,0.0672
*CCOC(=O)c1ccc(cc1)C(c1ccc(cc1)C(=O)O*)(CC)C,0.068947
*CC(COc1ccc(cc1)C(c1ccc(cc1)O*)(C)C)O,0.0645
*Oc1ccc(cc1)S(=O)(=O)c1ccc(cc1)Oc1ccc(cc1)c1ccc(cc1)*,0.048
*CCOCC(=O)O*,0.0283
*c1cccc(c1)N1C(=O)c2c(C1=O)cc(cc2)Oc1cc2ccccc2cc1Oc1ccc2c(c1)C(=O)N(C2=O)*,0.1096
*c1ccc(cc1)Oc1ccc(cc1)c1ccc(cc1)Oc1ccc(cc1)N1C(=O)c2c(C1=O)cc(cc2)Oc1cc2ccccc2cc1Oc1ccc2c(c1)C(=O)N(C2=O)*,0.1174
*N1C(=O)c2c(C1=O)cc(cc2)Oc1cc2ccccc2cc1Oc1ccc2c(c1)C(=O)N(C2=O)c1c(C)cc(cc1C)c1cc(C)c(c(c1)C)*,0.1206
*Oc1ccc(cc1)Oc1ccc(cc1)C(=O)Nc1ccc(cc1)Oc1ccc(cc1)S(=O)(=O)c1ccc(cc1)Oc1ccc(cc1)NC(=O)c1ccc(cc1)*,0.064
*Oc1ccc(cc1c1ccccc1)Oc1ccc(cc1)C(=O)Nc1ccc(cc1)Oc1ccc(cc1)NC(=O)c1ccc(cc1)*,0.085
*Oc1ccc(cc1c1ccccc1)Oc1ccc(cc1)C(=O)Nc1ccc(cc1)Cc1ccc(cc1)NC(=O)c1ccc(cc1)*,0.093
*Oc1ccc(cc1)Oc1ccc(cc1)NC(=O)c1ccc(cc1)Oc1ccc(cc1c1ccccc1)Oc1ccc(cc1)C(=O)Nc1ccc(cc1)*,0.082
*Oc1ccc(cc1c1ccccc1)Oc1ccc(cc1)C(=O)Nc1ccc(cc1)Oc1ccc(cc1)S(=O)(=O)c1ccc(cc1)Oc1ccc(cc1)NC(=O)c1ccc(cc1)*,0.074
*CCOC(=O)CCC(=O)O*,0.022
*CC1CCC(CC1)COC(=O)c1ccc(cc1)C(=O)O*,0.044
*CCCCOC(=O)CCCCC(=O)O*,0.0112
*CC(=O)O*,0.0259
*CCCCC(=O)O*,0.0125
*CCCCCCCCCCCCCCC(=O)O*,0.016
CCCC(C(=O)O*)(C*)C,0.0072
*CC1CCC(CC1)COC(=O)C1CCC(CC1)C(=O)O*,0.0446
*CCCCOC(=O)CCCCCCCC(=O)O*,0.015
*Oc1ccc(cc1)C(c1ccc(cc1)OC(=O)c1ccc(cc1)C(c1ccc(cc1)C(=O)*)(CC)C)(C)C,0.068947
*CCCCCCCCCCC(=O)N*,0.03995
*CCCCCCNC(=O)c1cccc(c1)C(=O)N*,0.0834
*Nc1ccc(cc1)NC(=O)c1ccc(cc1)C(=O)*,0.25
*CCCCCCCCCCCCNC(=O)c1ccc(cc1)C(=O)N*,0.0716
*CCC(CC(CNC(=O)c1ccc(cc1)C(=O)N*)(C)C)C,0.052
*c1ccc(cc1)Oc1ccc(cc1)n1c(=O)c2c(c1=O)cc1c(c2)c(=O)n(c1=O)*,0.0308
*c1ccc2c(c1)C(=O)N(C2=O)c1ccc(cc1)Oc1ccc(cc1)N1C(=O)c2c(C1=O)cc(cc2)C(C(C(F)(F)*)(F)F)(F)F,0.031015
*c1ccc(cc1)Oc1ccc(cc1)C(=O)c1cccc(c1)C(=O)c1ccc(cc1)Oc1ccc(cc1)n1c(=O)c2c(c1=O)cc1c(c2)c(=O)n(c1=O)*,0.065
*c1ccc(cc1)Oc1ccc(cc1)N1C(=O)c2c(C1=O)cc(cc2)c1ccc2c(c1)C(=O)N(C2=O)*,0.117
FC(C(C(F)(F)F)(c1ccc(cc1)Oc1ccc(cc1)*)c1ccc(cc1)Oc1ccc(cc1)N1C(=O)c2c(C1=O)cc(cc2)c1ccc2c(c1)C(=O)N(C2=O)*)(F)F,0.08
*c1ccc(cc1)N1C(=O)c2c(C1=O)cc(cc2)Oc1ccc2c(c1)C(=O)N(C2=O)*,0.251
*c1ccc2c(c1)C(=O)N(C2=O)c1ccc(cc1)N1C(=O)c2c(C1=O)cc(cc2)C(=O)*,0.232
*c1ccc(cc1)Cc1ccc(cc1)N1C(=O)CC(C1=O)Nc1ccc(cc1)Cc1ccc(cc1)NC1CC(=O)N(C1=O)*,0.093078
*c1ccc2c(c1)C(=O)N(C2=O)c1ccc2c(c1)C(C)(CC2(C)C)c1ccc(cc1)N1C(=O)c2c(C1=O)cc(cc2)C(=O)*,0.088
*OC(=O)c1ccc(cc1)C(=O)*,0.055
*Oc1ccc(cc1)C1(c2ccc(cc2)OC(=O)*)c2ccccc2-c2c1cccc2,0.0965
*Oc1ccc(cc1)C1(CC2CC1CC2)c1ccc(cc1)OC(=O)*,0.079979
*N=P(Oc1ccc(cc1)Cl)(Oc1ccc(cc1)Cl)*,0.0206
CCCCCCC(=C(Cl)*)*,0.017
*C(=C([Si](CC[Si](C)(C)C)(C)C)*)C,0.025
CCCCCC([Si](C)(C)C)C(=C*)*,0.028
CCCCCCCC([Si](C)(C)C)C(=C*)*,0.016
*CCCCCCCCCCCCCCCCCCCCC(C(=O)O)*,0.0183
*CCCCCCCCCCCCCCC(C(=O)O)*,0.0398
*CCCCCCCCC(C(=O)O)*,0.0014
CC(OC(=O)C(*)*)C,0.0047
CCCCCC(=C(C)*)*,0.032
CCCCCCCC(=C(C)*)*,0.012
*C=CC1CC(C2C1C=CC2)*,0.0629
*Oc1ccc(cc1)c1ccc(cc1)Oc1ccc(cc1)C(=O)c1ccc(cc1)*,0.0888
*c1ccc(cc1)Oc1ccc(cc1)c1nc2cc3nc(*)cc(c3cc2c(c1)c1ccccc1)c1ccccc1,0.0457
*c1ccc(cc1)Oc1ccc(cc1)c1nc2cc3c(cc2c(c1)c1ccccc1)nc(cc3c1ccccc1)*,0.0428
*c1ccc(cc1)Oc1ccc(cc1)C(=O)c1ccc(cc1)Oc1ccc(cc1)C1(*)OC(=O)c2c1cccc2,0.064
*Oc1ccc(cc1)S(=O)(=O)c1ccc(cc1)Oc1ccc(cc1)C(c1ccc(cc1)Oc1ccc(cc1)C(=O)c1ccc(cc1)*)(C)C,0.076
*Oc1ccc(cc1)Oc1ccc(cc1)S(=O)(=O)c1ccc(cc1)Oc1ccc(cc1)C(=O)c1ccc(cc1)*,0.082
*Oc1ccc(cc1)S(=O)(=O)c1ccc(cc1)Oc1ccc(cc1)c1ccc(cc1)Oc1ccc(cc1)C(=O)c1ccc(cc1)*,0.088
*Oc1ccc2c(c1)ccc(c2)Oc1ccc(cc1)S(=O)(=O)c1ccc(cc1)Oc1ccc(cc1)C(=O)c1ccc(cc1)*,0.084
*Oc1ccc(cc1c1ccccc1)Oc1ccc(cc1)C(=O)Nc1ccc(cc1)NC(=O)c1ccc(cc1)*,0.094
OCCN(CC(C*)O)CC(COc1ccc(cc1)C(c1ccc(cc1)O*)(C)C)O,0.0519
*CC(COC(=O)CCCCC(=O)OCC(COc1ccc(cc1)C(c1ccc(cc1)O*)(C)C)O)O,0.05
*CC(COC(=O)C1CCC(CC1)C(=O)OCC(COc1ccc(cc1)C(c1ccc(cc1)O*)(C)C)O)O,0.06
*CC(COC(=O)CCCCCCCCCCC(=O)OCC(COc1ccc(cc1)O*)O)O,0.0069
*Oc1ccc(cc1C(F)(F)F)c1ccc(cc1)c1ccc(c(c1)C(F)(F)F)Oc1ccc(cc1)C(C(F)(F)F)(C(F)(F)F)c1ccc(cc1)*,0.062
*Oc1ccc(cc1C(F)(F)F)c1ccc(cc1)c1ccc(c(c1)C(F)(F)F)Oc1ccc(cc1)C(c1ccc(cc1)*)(C)C,0.052
*Oc1ccc(cc1)C1(c2ccc(cc2)Oc2ccc(cc2C(F)(F)F)c2ccc(cc2)c2ccc(c(c2)C(F)(F)F)*)c2ccccc2-c2c1cccc2,0.061
*Oc1ccc(cc1)c1ccc(cc1)Oc1ccc(cc1C(F)(F)F)c1ccc(cc1)c1ccc(c(c1)C(F)(F)F)*,0.065
*c1ccc(c(c1)C(F)(F)F)Oc1ccc(cc1)C(C(F)(F)F)(C(F)(F)F)c1ccc(cc1)Oc1ccc(cc1C(F)(F)F)c1cccc(n1)*,0.056
*c1ccc(c(c1)C(F)(F)F)Oc1ccc(cc1)C(c1ccc(cc1)Oc1ccc(cc1C(F)(F)F)c1cccc(n1)*)(C)C,0.06
*c1ccc(c(c1)C(F)(F)F)Oc1ccc(cc1)C1(c2ccc(cc2)Oc2ccc(cc2C(F)(F)F)c2cccc(n2)*)c2ccccc2-c2c1cccc2,0.055
*c1ccc(c(c1)C(F)(F)F)Oc1ccc(cc1)C(C(F)(F)F)(C(F)(F)F)c1ccc(cc1)Oc1ccc(cc1C(F)(F)F)c1ccc(s1)*,0.058
*c1ccc(c(c1)C(F)(F)F)Oc1ccc(cc1)C(c1ccc(cc1)Oc1ccc(cc1C(F)(F)F)c1ccc(s1)*)(C)C,0.042
*c1ccc(c(c1)C(F)(F)F)Oc1ccc(cc1)C1(c2ccc(cc2)Oc2ccc(cc2C(F)(F)F)c2ccc(s2)*)c2ccccc2-c2c1cccc2,0.064
*Oc1ccc(cc1S(=O)(=O)O)Oc1ccc(cc1)C(=O)c1ccc(cc1)*,0.069
*Oc1ccc(cc1S(=O)(=O)O)Oc1ccc(cc1)S(=O)(=O)c1ccc(cc1)*,0.052
*C(=O)OCCCOC(=O)c1ccc(o1)*,0.0682
*c1ccc(c(c1)S(=O)(=O)O)Sc1ccc(cc1)Sc1ccc(cc1)Sc1ccc(cc1S(=O)(=O)O)S(=O)(=O)*,0.02645
CCCCCCOC(=O)C(Cc1ccc(cc1)O*)NC(=O)CCc1ccc(cc1)OC(=O)CCCCC(=O)*,0.0096
CCCCCCOC(=O)C(Cc1ccc(cc1)O*)NC(=O)CCc1ccc(cc1)OC(=O)CCCCCCCCC(=O)*,0.0011
CCCCOC(=O)C(Cc1ccc(cc1)O*)NC(=O)CCc1ccc(cc1)OC(=O)CCCCCCC(=O)*,0.031
CCCCOC(=O)C(Cc1ccc(cc1)O*)NC(=O)CCc1ccc(cc1)OC(=O)CCCCCCCCC(=O)*,0.0058
CCCCCCC1C=CC(C(C1CCCCCCCC)CCCCCCCC(=O)NCCCCCC*)CCCCCCCC(=O)N*,0.0114
*C(=O)Nc1ccc(cc1)Oc1ccc(cc1)NC(=O)c1ccc2c(c1)C(=O)N(C2=O)c1ccc(cc1)Oc1ccc(cc1)N1C(=O)c2c(C1=O)cc(cc2)*,0.088
*c1ccc(cc1)Oc1ccc(cc1)NC(=O)c1ccc2c(c1)C(=O)N(C2=O)c1ccc(cc1)Cc1ccc(cc1)N1C(=O)c2c(C1=O)cc(cc2)C(=O)Nc1ccc(cc1)Oc1ccc(cc1)C1(*)NC(=O)c2c1cccc2,0.085
*C(=O)Nc1ccc(cc1)Oc1ccc(cc1)C1(NC(=O)c2c1cccc2)c1ccc(cc1)Oc1ccc(cc1)NC(=O)c1ccc2c(c1)C(=O)N(C2=O)c1ccc(cc1)Oc1cccc(c1)N1C(=O)c2c(C1=O)cc(cc2)*,0.088
*C(=O)Nc1ccc(cc1)Oc1ccc(cc1)C1(NC(=O)c2c1cccc2)c1ccc(cc1)Oc1ccc(cc1)NC(=O)c1ccc2c(c1)C(=O)N(C2=O)c1ccc(cc1)Oc1cccc(c1)Oc1ccc(cc1)N1C(=O)c2c(C1=O)cc(cc2)*,0.077
*C(=O)Nc1ccc(cc1)Oc1ccc(cc1)C1(NC(=O)c2c1cccc2)c1ccc(cc1)Oc1ccc(cc1)NC(=O)c1ccc2c(c1)C(=O)N(C2=O)c1ccc(cc1)Oc1ccc(cc1)S(=O)(=O)c1ccc(cc1)Oc1ccc(cc1)N1C(=O)c2c(C1=O)cc(cc2)*,0.076
*C(=O)Nc1ccc(cc1)Oc1ccc(cc1)NC(=O)c1ccc2c(c1)C(=O)N(C2=O)c1ccc(cc1)Oc1ccc(cc1)C1(NC(=O)c2c1cccc2)c1ccc(cc1)Oc1ccc(cc1)N1C(=O)c2c(C1=O)cc(cc2)*,0.092
*C(=O)Nc1ccc(cc1)Oc1ccc(cc1)Oc1ccc(cc1)NC(=O)c1ccc2c(c1)C(=O)N(C2=O)c1ccc(cc1)Oc1ccc(cc1)C1(NC(=O)c2c1cccc2)c1ccc(cc1)Oc1ccc(cc1)N1C(=O)c2c(C1=O)cc(cc2)*,0.08
*c1ccc(cc1)Oc1cccc(c1)n1c(=O)c2c(c1=O)cc1c(c2)c(=O)n(c1=O)*,0.129
*c1ccc2c(c1)C(=O)N(C2=O)c1ccc(cc1)C(=O)Nc1ccc(cc1)Oc1ccc(cc1)NC(=O)c1ccc(cc1)N1C(=O)c2c(C1=O)cc(cc2)C(C(F)(F)F)(C(F)(F)F)*,0.111
*c1ccc2c(c1)C(=O)N(C2=O)c1ccc(cc1)C(=O)Nc1ccc(cc1)Oc1ccc(cc1)C(c1ccc(cc1)Oc1ccc(cc1)NC(=O)c1ccc(cc1)N1C(=O)c2c(C1=O)cc(cc2)C(C(F)(F)F)(C(F)(F)F)*)(C)C,0.095
*c1ccc2c(c1)C(=O)N(C2=O)c1cccc(c1)C(=O)Nc1ccc(cc1)Oc1ccc(cc1)NC(=O)c1cccc(c1)N1C(=O)c2c(C1=O)cc(cc2)C(C(F)(F)F)(C(F)(F)F)*,0.107
*c1ccc2c(c1)C(=O)N(C2=O)c1cccc(c1)C(=O)Nc1ccc(cc1)NC(=O)c1cccc(c1)N1C(=O)c2c(C1=O)cc(cc2)C(C(F)(F)F)(C(F)(F)F)*,0.107
*c1ccc(cc1)Oc1ccc(cc1)Oc1ccc(cc1)N1C(=O)c2c(C1=O)cc(cc2)Oc1ccccc1Oc1ccc2c(c1)C(=O)N(C2=O)*,0.107
*c1ccc(cc1)Oc1ccc(cc1)c1ccc(cc1)Oc1ccc(cc1)N1C(=O)c2c(C1=O)cc(cc2)Oc1ccccc1Oc1ccc2c(c1)C(=O)N(C2=O)*,0.103
*C(=O)Nc1ccc(cc1)Oc1cccc(c1)NC(=O)c1ccc2c(c1)C(=O)N(C2=O)c1ccc(cc1)Oc1ccc(cc1)N1C(=O)c2c(C1=O)cc(cc2)*,0.111
*C(=O)Nc1ccc(cc1)Oc1ccc(cc1)NC(=O)c1ccc2c(c1)C(=O)N(C2=O)c1ccc(cc1)Cc1ccc(cc1)N1C(=O)c2c(C1=O)cc(cc2)*,0.084
*C(=O)Nc1ccc(cc1)C(C(F)(F)F)(C(F)(F)F)c1ccc(cc1)NC(=O)c1ccc2c(c1)C(=O)N(C2=O)c1ccc(cc1)Oc1ccc2c(c1)cc(cc2)Oc1ccc(cc1)N1C(=O)c2c(C1=O)cc(cc2)*,0.08
*C(=O)Nc1ccc(cc1)Oc1ccc(cc1)C(C(F)(F)F)(C(F)(F)F)c1ccc(cc1)Oc1ccc(cc1)NC(=O)c1ccc2c(c1)C(=O)N(C2=O)c1ccc(cc1)Oc1ccc2c(c1)cc(cc2)Oc1ccc(cc1)N1C(=O)c2c(C1=O)cc(cc2)*,0.059
*CCCCCCN1C(=O)c2c(C1=O)cc(cc2)C(=O)Nc1ccc(cc1)S(=O)(=O)c1cccc(c1)NC(=O)c1ccc2c(c1)C(=O)N(C2=O)*,0.078
*C(=O)Nc1ccc(cc1)Oc1cccc(c1)NC(=O)c1ccc2c(c1)C(=O)N(C2=O)c1ccc(cc1)c1sc(c(c1c1ccccc1)c1ccccc1)c1ccc(cc1)N1C(=O)c2c(C1=O)cc(cc2)*,0.06247
*C(=O)Nc1ccc(cc1)Sc1ccc(cc1)NC(=O)c1ccc2c(c1)C(=O)N(C2=O)c1ccc(cc1)c1sc(c(c1c1ccccc1)c1ccccc1)c1ccc(cc1)N1C(=O)c2c(C1=O)cc(cc2)*,0.0541
*C(=O)Nc1cccc(c1)C(=O)c1cccc(c1)NC(=O)c1ccc2c(c1)C(=O)N(C2=O)c1ccc(cc1)c1sc(c(c1c1ccccc1)c1ccccc1)c1ccc(cc1)N1C(=O)c2c(C1=O)cc(cc2)*,0.0726
*C(=O)Nc1ccc(cc1)S(=O)(=O)c1ccc(cc1)NC(=O)c1ccc2c(c1)C(=O)N(C2=O)c1ccc(cc1)c1sc(c(c1c1ccccc1)c1ccccc1)c1ccc(cc1)N1C(=O)c2c(C1=O)cc(cc2)*,0.0516
*C(=O)Nc1cccc(c1)S(=O)(=O)c1cccc(c1)NC(=O)c1ccc2c(c1)C(=O)N(C2=O)c1ccc(cc1)c1sc(c(c1c1ccccc1)c1ccccc1)c1ccc(cc1)N1C(=O)c2c(C1=O)cc(cc2)*,0.0562
*C(=O)Nc1cccc(c1)NC(=O)c1ccc2c(c1)C(=O)N(C2=O)c1ccc(cc1)c1sc(c(c1c1ccccc1)c1ccccc1)c1ccc(cc1)N1C(=O)c2c(C1=O)cc(cc2)*,0.0553
*C(=O)Nc1ccc(cc1)Oc1ccc(cc1)Oc1ccc(cc1)NC(=O)c1ccc2c(c1)C(=O)N(C2=O)c1ccc(cc1)c1sc(c(c1c1ccccc1)c1ccccc1)c1ccc(cc1)N1C(=O)c2c(C1=O)cc(cc2)*,0.0641
*C(=O)Nc1ccc(cc1)Oc1ccc(cc1)C(c1ccc(cc1)Oc1ccc(cc1)NC(=O)c1ccc2c(c1)C(=O)N(C2=O)c1ccc(cc1)c1sc(c(c1c1ccccc1)c1ccccc1)c1ccc(cc1)N1C(=O)c2c(C1=O)cc(cc2)*)(C)C,0.0577
*c1ccc(cc1)Oc1cccc(c1)n1c(=O)c2c(c1=O)cc1c(c2)c(=O)n(c1=O)c1cccc(c1)Oc1ccc(cc1)c1sc2c(n1)cc1c(c2)nc(s1)*,0.113
*c1cccc(c1)OCCCCCOc1cccc(c1)N1C(=O)c2c(C1=O)cc(cc2)c1cccc2c1C(=O)N(C2=O)*,0.0853
*c1cccc(c1)OCCCCCCOc1cccc(c1)N1C(=O)c2c(C1=O)cc(cc2)c1cccc2c1C(=O)N(C2=O)*,0.0755
*c1cccc(c1)OCCCCCCCCOc1cccc(c1)N1C(=O)c2c(C1=O)cc(cc2)c1cccc2c1C(=O)N(C2=O)*,0.0716
*c1cccc(c1)OCCCCCCCCCOc1cccc(c1)N1C(=O)c2c(C1=O)cc(cc2)c1cccc2c1C(=O)N(C2=O)*,0.0637
*c1cccc(c1)OCCCCCCCCCCOc1cccc(c1)N1C(=O)c2c(C1=O)cc(cc2)c1cccc2c1C(=O)N(C2=O)*,0.0657
*c1cccc(c1)OCCCCCCCCCCCCOc1cccc(c1)N1C(=O)c2c(C1=O)cc(cc2)c1cccc2c1C(=O)N(C2=O)*,0.0579
*c1ccc(cc1)OCCCOc1ccc(cc1)N1C(=O)c2c(C1=O)cc(cc2)c1cccc2c1C(=O)N(C2=O)*,0.0951
*c1ccc(cc1)OCCCCCOc1ccc(cc1)N1C(=O)c2c(C1=O)cc(cc2)c1cccc2c1C(=O)N(C2=O)*,0.0755
*c1ccc(cc1)OCCCCCCCCCOc1ccc(cc1)N1C(=O)c2c(C1=O)cc(cc2)c1cccc2c1C(=O)N(C2=O)*,0.0716
*c1ccc(cc1)OCCCCCCCCCCOc1ccc(cc1)N1C(=O)c2c(C1=O)cc(cc2)c1cccc2c1C(=O)N(C2=O)*,0.0804
*c1ccc(cc1)OCCCCCCCCCCCCOc1ccc(cc1)N1C(=O)c2c(C1=O)cc(cc2)c1cccc2c1C(=O)N(C2=O)*,0.0717
*c1cccc(c1)OCCCOc1cccc(c1)N1C(=O)c2c(C1=O)cc(cc2)c1ccc2c(c1)C(=O)N(C2=O)*,0.0961
*c1cccc(c1)OCCCCOc1cccc(c1)N1C(=O)c2c(C1=O)cc(cc2)c1ccc2c(c1)C(=O)N(C2=O)*,0.0853
*c1cccc(c1)OCCCCCOc1cccc(c1)N1C(=O)c2c(C1=O)cc(cc2)c1ccc2c(c1)C(=O)N(C2=O)*,0.0834
*c1cccc(c1)OCCCCCCOc1cccc(c1)N1C(=O)c2c(C1=O)cc(cc2)c1ccc2c(c1)C(=O)N(C2=O)*,0.0814
*c1cccc(c1)OCCCCCCCCOc1cccc(c1)N1C(=O)c2c(C1=O)cc(cc2)c1ccc2c(c1)C(=O)N(C2=O)*,0.0755
*c1cccc(c1)OCCCCCCCCCOc1cccc(c1)N1C(=O)c2c(C1=O)cc(cc2)c1ccc2c(c1)C(=O)N(C2=O)*,0.0667
*c1cccc(c1)OCCCCCCCCCCOc1cccc(c1)N1C(=O)c2c(C1=O)cc(cc2)c1ccc2c(c1)C(=O)N(C2=O)*,0.0628
*c1cccc(c1)OCCCCCCCCCCCCOc1cccc(c1)N1C(=O)c2c(C1=O)cc(cc2)c1ccc2c(c1)C(=O)N(C2=O)*,0.0569
*c1ccc(cc1)OCCCOc1ccc(cc1)N1C(=O)c2c(C1=O)cc(cc2)c1ccc2c(c1)C(=O)N(C2=O)*,0.104
*c1ccc(cc1)OCCCCCOc1ccc(cc1)N1C(=O)c2c(C1=O)cc(cc2)c1ccc2c(c1)C(=O)N(C2=O)*,0.0863
*c1ccc(cc1)OCCCCCCCCCOc1ccc(cc1)N1C(=O)c2c(C1=O)cc(cc2)c1ccc2c(c1)C(=O)N(C2=O)*,0.0686
*c1ccc(cc1)OCCCCCCCCCCOc1ccc(cc1)N1C(=O)c2c(C1=O)cc(cc2)c1ccc2c(c1)C(=O)N(C2=O)*,0.0765
*c1ccc(cc1)OCCCCCCCCCCCCOc1ccc(cc1)N1C(=O)c2c(C1=O)cc(cc2)c1ccc2c(c1)C(=O)N(C2=O)*,0.0686
*c1ccc2c(c1)C(=O)N(C2=O)c1ccc(cc1)C(=O)Nc1ccc(cc1)Oc1ccc(cc1)c1ccc(cc1)Oc1ccc(cc1)NC(=O)c1ccc(cc1)N1C(=O)c2c(C1=O)cc(cc2)C(C(F)(F)F)(C(F)(F)F)*,0.1
FC(C(C(F)(F)F)(c1ccc2c(c1)C(=O)N(C2=O)c1ccc(cc1)C(=O)Nc1ccc(cc1)NC(=O)c1ccc(cc1)N1C(=O)c2c(C1=O)cc(cc2)*)*)(F)F,0.131
*c1ccc2c(c1)C(=O)N(C2=O)c1ccc(cc1)C(=O)Nc1ccc(cc1)Oc1ccc(cc1)Oc1ccc(cc1)NC(=O)c1ccc(cc1)N1C(=O)c2c(C1=O)cc(cc2)C(C(F)(F)F)(C(F)(F)F)*,0.105
*c1ccc2c(c1)C(=O)N(C2=O)c1ccc(cc1)C(=O)Nc1ccc(cc1)Oc1cccc(c1)Oc1ccc(cc1)NC(=O)c1ccc(cc1)N1C(=O)c2c(C1=O)cc(cc2)C(C(F)(F)F)(C(F)(F)F)*,0.098
*c1ccc2c(c1)C(=O)N(C2=O)c1ccc(cc1)C(=O)Nc1ccc(cc1)Oc1ccccc1Oc1ccc(cc1)NC(=O)c1ccc(cc1)N1C(=O)c2c(C1=O)cc(cc2)C(C(F)(F)F)(C(F)(F)F)*,0.1
*c1ccc2c(c1)C(=O)N(C2=O)c1ccc(cc1)C(=O)Nc1ccc(cc1)Oc1ccc(cc1)C(C(F)(F)F)(C(F)(F)F)c1ccc(cc1)Oc1ccc(cc1)NC(=O)c1ccc(cc1)N1C(=O)c2c(C1=O)cc(cc2)C(C(F)(F)F)(C(F)(F)F)*,0.097
*c1ccc2c(c1)C(=O)N(C2=O)c1cccc(c1)C(=O)Nc1ccc(cc1)c1ccc(cc1)NC(=O)c1cccc(c1)N1C(=O)c2c(C1=O)cc(cc2)C(C(F)(F)F)(C(F)(F)F)*,0.103
*c1ccc2c(c1)C(=O)N(C2=O)c1cccc(c1)C(=O)Nc1ccc(cc1)NC(=O)c1ccc(cc1)NC(=O)c1cccc(c1)N1C(=O)c2c(C1=O)cc(cc2)C(C(F)(F)F)(C(F)(F)F)*,0.104
*c1ccc2c(c1)C(=O)N(C2=O)c1cccc(c1)C(=O)Nc1ccc(cc1)Oc1ccc(cc1)c1ccc(cc1)Oc1ccc(cc1)NC(=O)c1cccc(c1)N1C(=O)c2c(C1=O)cc(cc2)C(C(F)(F)F)(C(F)(F)F)*,0.103
*c1ccc2c(c1)C(=O)N(C2=O)c1cccc(c1)C(=O)Nc1ccc(cc1)Oc1ccc(cc1)C(c1ccc(cc1)Oc1ccc(cc1)NC(=O)c1cccc(c1)N1C(=O)c2c(C1=O)cc(cc2)C(C(F)(F)F)(C(F)(F)F)*)(C)C,0.101
*c1ccc2c(c1)C(=O)N(C2=O)c1cccc(c1)C(=O)Nc1ccc(cc1)Oc1ccc(cc1)C(C(F)(F)F)(C(F)(F)F)c1ccc(cc1)Oc1ccc(cc1)NC(=O)c1cccc(c1)N1C(=O)c2c(C1=O)cc(cc2)C(C(F)(F)F)(C(F)(F)F)*,0.102
*c1ccc(cc1)Oc1ccc(cc1)C(c1ccc(cc1)Oc1ccc(cc1)N1C(=O)C2C(C1=O)CC(CC2)C1CCC2C(C1)C(=O)N(C2=O)*)(C)C,0.07745
*c1ccc(cc1)Oc1ccc(cc1)S(=O)(=O)c1ccc(cc1)Oc1ccc(cc1)N1C(=O)C2C(C1=O)CC(CC2)C1CCC2C(C1)C(=O)N(C2=O)*,0.07795
*c1ccc(cc1)Oc1ccc(cc1)Oc1ccc(cc1)Oc1ccc(cc1)N1C(=O)C2C(C1=O)CC(CC2)C1CCC2C(C1)C(=O)N(C2=O)*,0.0863
*c1cccc(c1)N1C(=O)C2C(C1=O)CCC(C2)C1CCC2C(C1)C(=O)N(C2=O)*,0.0883
*C(=O)Nc1ccc(cc1)Oc1ccc(cc1)c1ccc(cc1)Oc1ccc(cc1)NC(=O)c1ccc2c(c1)C(=O)N(C2=O)c1cccc(c1)N1C(=O)c2c(C1=O)cc(cc2)*,0.099
*C(=O)Nc1ccc(cc1)Oc1ccc(cc1)c1ccc(cc1)Oc1ccc(cc1)NC(=O)c1ccc2c(c1)C(=O)N(C2=O)c1ccc(c(c1)N1C(=O)c2c(C1=O)cc(cc2)*)C,0.086
*c1ccc(cc1)Oc1ccc(cc1)C(=O)c1ccc(cc1)Oc1ccc(cc1)n1c(=O)c2c(c1=O)cc1c(c2)c(=O)n(c1=O)*,0.104
*c1ccc(cc1)Oc1ccc(cc1)C(=O)c1ccc(cc1)Oc1ccc(cc1)N1C(=O)c2c(C1=O)cc(cc2)c1ccc2c(c1)C(=O)N(C2=O)*,0.117
*c1ccc(c(c1)C(F)(F)F)Oc1ccccc1Oc1ccc(cc1C(F)(F)F)n1c(=O)c2c(c1=O)cc1c(c2)c(=O)n(c1=O)*,0.101
*c1ccc(c(c1)C(F)(F)F)Oc1ccccc1Oc1ccc(cc1C(F)(F)F)N1C(=O)c2c(C1=O)cc(cc2)c1ccc2c(c1)C(=O)N(C2=O)*,0.123
*c1ccc(cc1)N1C(=O)c2c(C1=O)ccc(c2)c1ccc2c(c1)C(=O)N(C2=O)c1ccc2c(c1)nc([nH]2)*,0.2335
*c1ccc(cc1)N1C(=O)c2c(C1=O)ccc(c2)C(=O)c1ccc2c(c1)C(=O)N(C2=O)c1ccc2c(c1)nc([nH]2)*,0.1982
*c1ccc(cc1)N1C(=O)c2c(C1=O)ccc(c2)Oc1ccc(cc1)C(c1ccc(cc1)Oc1ccc2c(c1)C(=O)N(C2=O)c1ccc2c(c1)nc([nH]2)*)(C)C,0.1148
*c1ccc2c(c1)C(=O)N(C2=O)c1ccc(cc1)Oc1ccc(cn1)C(=O)Nc1ccc(cc1)NC(=O)c1ccc(nc1)Oc1ccc(cc1)N1C(=O)c2c(C1=O)cc(cc2)C(C(F)(F)F)(C(F)(F)F)*,0.132
*c1ccc(cc1)N=Nc1ccc(cc1)Oc1ccc(cc1)C(c1ccc(cc1)Oc1ccc(cc1)N=Nc1ccc(cc1)n1c(=O)c2c(c1=O)cc1c(c2)c(=O)n(c1=O)*)(C)C,0.0991
*c1ccc(cc1)N=Nc1ccc(cc1)Oc1ccc(cc1)C(c1ccc(cc1)Oc1ccc(cc1)N=Nc1ccc(cc1)N1C(=O)c2c(C1=O)cc(cc2)c1ccc2c(c1)C(=O)N(C2=O)*)(C)C,0.0865
*c1ccc2c(c1)C(=O)N(C2=O)c1ccc(cc1)N=Nc1ccc(cc1)Oc1ccc(cc1)C(c1ccc(cc1)Oc1ccc(cc1)N=Nc1ccc(cc1)N1C(=O)c2c(C1=O)cc(cc2)C(=O)*)(C)C,0.0926
*c1ccc2c(c1)C(=O)N(C2=O)c1ccc(cc1)N=Nc1ccc(cc1)Oc1ccc(cc1)C(c1ccc(cc1)Oc1ccc(cc1)N=Nc1ccc(cc1)N1C(=O)c2c(C1=O)cc(cc2)C(C(F)(F)F)(C(F)(F)F)*)(C)C,0.075
*c1ccc(cc1)N=Nc1ccc(cc1)Oc1ccc(cc1)C(c1ccc(cc1)Oc1ccc(cc1)N=Nc1ccc(cc1)N1C(=O)c2c(C1=O)cc(cc2)Oc1ccc2c(c1)C(=O)N(C2=O)*)(C)C,0.0637
*c1ccc(cc1)Oc1ccc(cc1)Oc1ccc(cc1)Oc1ccc(cc1)Oc1ccc(cc1)N1C(=O)c2c(C1=O)cc(cc2)c1cccc2c1C(=O)N(C2=O)*,0.083
*c1ccc(cc1)Oc1ccc(cc1)Oc1ccc(cc1)Oc1ccc(cc1)Oc1ccc(cc1)N1C(=O)c2c(C1=O)cc(cc2)Oc1ccc2c(c1)C(=O)N(C2=O)*,0.08
*Oc1c(Cl)cc(cc1Cl)C1(CC2CC1CC2)c1cc(Cl)c(c(c1)Cl)OC(=O)*,0.074463
*Oc1c(Br)cc(cc1Br)C1(CC2CC1CC2)c1cc(Br)c(c(c1)Br)OC(=O)*,0.072394
*Oc1ccc(cc1)C(C1C2CCC(C1C)C2)c1ccc(cc1)OC(=O)*,0.074463
*Oc1ccc(cc1)C1(CC2CC1C1C2CCC1)c1ccc(cc1)OC(=O)*,0.077221
*C=CCC(C*)(c1ccccc1)c1ccccc1,0.138
*C=CCC(C*)c1ccccc1,0.13
*N1C(=O)c2c(C1=O)cc(c(c2)c1ccc(cc1)[Si](C)(C)C)c1cc2c(C(=O)N(C2=O)c2ccc(cc2)Oc2ccc(cc2)*)cc1c1ccc(cc1)[Si](C)(C)C,0.103
*c1cc2c(C(=O)N(C2=O)c2cc(cc(c2)C(=O)OC)N2C(=O)c3c(C2=O)cc(c(c3)Cl)C(=O)*)cc1Cl,0.105
*S(=O)(=O)c1ccc(cc1)Nc1ccc(cc1)C1(c2ccccc2-c2ccccc12)c1ccc(cc1)Nc1ccc(cc1)*,0.094
*C(=CCCC*)c1ccccc1,0.098
*n1nc(nn1)c1ccc(cc1)c1nn(nn1)C(=Nc1ccccc1)c1ccc(cc1)C(=Nc1ccccc1)*,0.103
*c1cc2c(C(=O)N(C2=O)c2cc(ccc2)N2C(=O)c3c(C2=O)cc(c(c3)Cl)C(=O)*)cc1Cl,0.096
*c1c(nnc(n1)c1nc(ccc1)c1nc(c(nn1)c1ccccc1)c1ccc(cc1)C(=O)c1ccc(cc1)*)c1ccccc1,0.116
*C#CC(=C(*)Cn1cnc2c1cccc2)Cn1cnc2c1cccc2,0.115
*c1ccc(c2cc3nc(N4C(=O)c5ccc(C(=O)c6ccc7c(c6)C(=O)N(*)C7=O)cc5C4=O)ccc3[nH]2)cc1,0.128
*c1ccc2nc(c3cccnc3N3C(=O)c4ccc(C(=O)c5ccc6c(c5)C(=O)N(*)C6=O)cc4C3=O)[nH]c2c1,0.1375
*c1cnc(c2cc3cc(N4C(=O)c5ccc(C(=O)c6ccc7c(c6)C(=O)N(*)C7=O)cc5C4=O)ccc3[nH]2)nc1,0.146
*c1ccc(c2c3ccc(N4C(=O)c5ccc(C(=O)c6ccc7c(c6)C(=O)N(*)C7=O)cc5C4=O)cc3nc3ccc(C)cc23)cc1,0.122
*c1ccc(c2cc3nc(N4C(=O)c5ccc(c6ccc7c(c6)C(=O)N(*)C7=O)cc5C4=O)ccc3[nH]2)cc1,0.121
*c1ccccc1c1nc2ccc(N3C(=O)c4ccc(C(=O)c5ccc6c(c5)C(=O)N(*)C6=O)cc4C3=O)cc2o1,0.125
*c1ccccc1c1nc2cc(N3C(=O)c4ccc(C(=O)c5ccc6c(c5)C(=O)N(*)C6=O)cc4C3=O)ccc2o1,0.118
*c1ncnc2ccc(c3cccnc3N3C(=O)c4ccc(C(=O)c5ccc6c(c5)C(=O)N(*)C6=O)cc4C3=O)cc12,0.108
*c1ccc(c2nc3cc(N4C(=O)c5ccc(C(=O)c6ccc7c(c6)C(=O)N(*)C7=O)cc5C4=O)ncc3[nH]2)cc1,0.122
*c1ccc2[nH]c(c3ccc(N4C(=O)c5ccc(C(=O)c6ccc7c(c6)C(=O)N(*)C7=O)cc5C4=O)cc3C)nc2n1,0.117
